ML Tweets,ML Blogs,ML Videos,ML Talks,Works in ML
19,33,23,29,1
8,17,0,16,0
17,19,12,19,1
19,12,16,25,0
20,5,24,15,0
20,20,24,16,0
15,6,5,20,0
25,20,16,13,0
14,27,11,29,1
16,6,6,24,1
24,17,21,18,0
18,21,22,17,0
22,17,21,16,0
23,18,11,20,1
26,17,17,12,0
13,24,22,9,0
15,12,13,19,1
9,24,17,18,1
18,10,15,13,0
9,22,20,19,0
22,23,24,8,0
22,9,16,16,0
19,20,27,5,0
21,20,28,8,0
24,12,10,23,1
16,16,0,14,0
21,14,11,28,1
13,17,7,16,1
15,27,22,2,0
10,20,18,21,1
11,20,10,18,1
13,34,21,29,1
18,17,11,29,1
22,15,13,6,0
16,22,20,15,0
22,0,2,4,0
7,25,14,25,1
17,21,19,18,1
14,11,11,22,1
18,19,13,26,1
17,25,25,9,0
17,18,25,7,0
20,21,28,13,0
22,21,28,22,1
14,9,19,23,0
11,28,21,24,1
15,19,21,25,1
11,17,15,9,0
26,18,20,19,1
13,24,6,23,1
17,25,12,25,1
17,19,17,21,1
18,5,14,15,1
20,30,6,29,1
24,25,12,27,1
22,13,12,24,1
14,11,12,13,1
24,10,9,11,1
12,5,22,9,0
20,13,14,26,1
8,-2,16,0,0
19,17,6,29,1
18,11,17,23,1
16,22,17,13,0
17,13,17,20,1
15,17,16,15,0
21,29,19,25,1
13,9,11,18,0
15,8,-3,9,0
13,20,17,11,0
15,-1,1,26,1
13,15,14,15,1
20,30,14,31,1
13,15,15,20,1
13,9,18,19,0
22,10,7,22,1
27,19,17,12,0
15,35,13,29,1
17,14,15,25,1
16,14,11,18,1
14,13,6,21,0
31,17,16,20,0
23,0,5,23,1
10,8,9,23,1
17,7,18,11,1
17,20,0,17,0
15,7,23,3,0
13,21,18,9,0
19,6,17,5,0
16,15,8,18,1
13,7,14,4,0
21,11,16,11,0
27,10,22,14,0
8,19,31,16,1
11,1,14,5,0
18,12,8,18,0
18,29,18,28,1
11,0,2,1,0
19,9,12,15,0
15,9,25,14,0
